Start_Lat,Start_Longitude,Start_Time,End_Lat,End_Longitude,End_Time,Distance,Flag,Day_time
12.84703,77.672684,07:03:37,12.847456,77.674492,07:12:24,446,0,25417
12.916848,77.623436,08:19:40,12.912185000000001,77.625847,08:27:39,792,0,29980
12.917516,77.624939,09:38:03,12.91196,77.625999,09:43:02,799,0,34683
12.912462,77.632942,10:25:04,12.917423,77.62383299999998,10:35:02,1438,0,37504
12.917423,77.62383299999998,10:55:26,12.912188,77.625854,11:03:07,570,0,39326
12.835925,77.657051,11:22:54,12.837169,77.65810400000002,11:32:52,420,0,40974
12.917407,77.62397,12:19:21,12.912069,77.625946,12:29:18,698,0,44361
12.836647,77.657761,12:49:34,12.839589,77.659203,12:59:32,467,0,46174
12.846663000000001,77.671257,13:10:11,12.846663000000001,77.671257,13:20:08,103,0,47411
